{"cameraMode":{"drawMode":0,"name":"Shaded","section":"Shading Mode"},"sceneLighting":true,"audioPlay":false,"sceneViewState":{"showFog":true,"showMaterialUpdate":false,"showSkybox":true,"showFlares":true,"showImageEffects":true,"showParticleSystems":true},"in2DMode":false,"pivot":{"x":-0.06497210264205933,"y":0.25049448013305666,"z":0.003498852252960205},"rotation":{"x":0.10440627485513687,"y":0.33217525482177737,"z":-0.03702611103653908,"w":0.9366899132728577},"size":0.673789381980896,"orthographic":false}