{"cameraMode":{"drawMode":0,"name":"Shaded","section":"Shading Mode"},"sceneLighting":true,"audioPlay":false,"sceneViewState":{"showFog":true,"showMaterialUpdate":false,"showSkybox":true,"showFlares":true,"showImageEffects":true,"showParticleSystems":true},"in2DMode":false,"pivot":{"x":0.6215391159057617,"y":-1.6634522676467896,"z":2.9967989921569826},"rotation":{"x":-0.2762937545776367,"y":-0.11469606310129166,"z":0.033231720328330997,"w":-0.9536258578300476},"size":6.386743545532227,"orthographic":false}