{"cameraMode":{"drawMode":0,"name":"Shaded","section":"Shading Mode"},"sceneLighting":true,"audioPlay":false,"sceneViewState":{"showFog":true,"showMaterialUpdate":false,"showSkybox":true,"showFlares":true,"showImageEffects":true,"showParticleSystems":true},"in2DMode":false,"pivot":{"x":-0.7526081800460815,"y":0.5005949139595032,"z":2.2363173961639406},"rotation":{"x":0.005864589940756559,"y":-0.21550221741199494,"z":0.0012932533863931895,"w":0.9764848947525024},"size":3.373509168624878,"orthographic":false}