{"cameraMode":{"drawMode":0,"name":"Shaded","section":"Shading Mode"},"sceneLighting":true,"audioPlay":false,"sceneViewState":{"showFog":true,"showMaterialUpdate":false,"showSkybox":true,"showFlares":true,"showImageEffects":true,"showParticleSystems":true},"in2DMode":false,"pivot":{"x":0.1757914423942566,"y":0.08492136001586914,"z":-0.25474292039871218},"rotation":{"x":0.054957155138254169,"y":0.9363425970077515,"z":-0.17039118707180024,"w":0.3020085394382477},"size":1.299088954925537,"orthographic":false}