{"cameraMode":{"drawMode":0,"name":"Shaded","section":"Shading Mode"},"sceneLighting":true,"audioPlay":false,"sceneViewState":{"showFog":true,"showMaterialUpdate":false,"showSkybox":true,"showFlares":true,"showImageEffects":true,"showParticleSystems":true},"in2DMode":false,"pivot":{"x":2.3726041316986086,"y":-1.7912147045135499,"z":3.592442035675049},"rotation":{"x":0.20998018980026246,"y":0.2855103313922882,"z":-0.06426484882831574,"w":0.9328784942626953},"size":7.876223087310791,"orthographic":false}