{"cameraMode":{"drawMode":0,"name":"Shaded","section":"Shading Mode"},"sceneLighting":true,"audioPlay":false,"sceneViewState":{"showFog":true,"showMaterialUpdate":false,"showSkybox":true,"showFlares":true,"showImageEffects":true,"showParticleSystems":true},"in2DMode":false,"pivot":{"x":-0.23541876673698426,"y":0.18528348207473756,"z":2.9531967639923097},"rotation":{"x":0.09848545491695404,"y":-0.0846904069185257,"z":0.008411330170929432,"w":0.9914925694465637},"size":4.3041253089904789,"orthographic":false}