{"cameraMode":{"drawMode":0,"name":"Shaded","section":"Shading Mode"},"sceneLighting":true,"audioPlay":false,"sceneViewState":{"showFog":true,"showMaterialUpdate":false,"showSkybox":true,"showFlares":true,"showImageEffects":true,"showParticleSystems":true},"in2DMode":false,"pivot":{"x":3.7511038780212404,"y":-0.3448669910430908,"z":0.028688818216323854},"rotation":{"x":0.05310414731502533,"y":0.7118086218833923,"z":-0.05413416773080826,"w":0.6982678771018982},"size":4.297389984130859,"orthographic":false}