{"cameraMode":{"drawMode":0,"name":"Shaded","section":"Shading Mode"},"sceneLighting":true,"audioPlay":false,"sceneViewState":{"showFog":true,"showMaterialUpdate":false,"showSkybox":true,"showFlares":true,"showImageEffects":true,"showParticleSystems":true},"in2DMode":false,"pivot":{"x":1.8882884979248047,"y":-0.7434499263763428,"z":0.5127148628234863},"rotation":{"x":0.18589921295642854,"y":0.38319438695907595,"z":-0.0790356695652008,"w":0.9013084769248962},"size":9.479159355163575,"orthographic":false}