{"cameraMode":{"drawMode":0,"name":"Shaded","section":"Shading Mode"},"sceneLighting":true,"audioPlay":false,"sceneViewState":{"showFog":true,"showMaterialUpdate":false,"showSkybox":true,"showFlares":true,"showImageEffects":true,"showParticleSystems":true},"in2DMode":false,"pivot":{"x":7.447118282318115,"y":-0.5120522379875183,"z":2.119537353515625},"rotation":{"x":-0.0813731774687767,"y":0.4687633216381073,"z":-0.043483834713697436,"w":-0.8784922361373901},"size":5.908607006072998,"orthographic":false}