{"cameraMode":{"drawMode":0,"name":"Shaded","section":"Shading Mode"},"sceneLighting":true,"audioPlay":false,"sceneViewState":{"showFog":true,"showMaterialUpdate":false,"showSkybox":true,"showFlares":true,"showImageEffects":true,"showParticleSystems":true},"in2DMode":false,"pivot":{"x":1.6304877996444703,"y":0.5846759676933289,"z":0.8772381544113159},"rotation":{"x":0.01700466312468052,"y":0.48964574933052065,"z":-0.009552711620926857,"w":0.8717033267021179},"size":3.3990886211395265,"orthographic":false}